[
    {
        "type": "VI",
        "niceType": "Visa",
        "images": [
            {
                "density": "1x",
                "size": "small",
                "background": false,
                "url": "https://static.dlocal.com/images/mobile/input-icons/small/VI.png"
            },
            {
                "density": "2x",
                "size": "small",
                "background": false,
                "url": "https://static.dlocal.com/images/mobile/input-icons/small/VI@2x.png"
            },
            {
                "density": "3x",
                "size": "small",
                "background": false,
                "url": "https://static.dlocal.com/images/mobile/input-icons/small/VI@3x.png"
            },
            {
                "density": "1x",
                "size": "small",
                "background": true,
                "url": "https://static.dlocal.com/images/mobile/input-icons/background/small/VI.png"
            },
            {
                "density": "2x",
                "size": "small",
                "background": true,
                "url": "https://static.dlocal.com/images/mobile/input-icons/background/small/VI@2x.png"
            },
            {
                "density": "3x",
                "size": "small",
                "background": true,
                "url": "https://static.dlocal.com/images/mobile/input-icons/background/small/VI@3x.png"
            }
        ],
        "patterns": [4],
        "excludePattern": "^(493698)",
        "validation": "standard",
        "gaps": [4, 8, 12],
        "length": 16,
        "code": {
            "name": "Security Code",
            "size": [3]
        }
    },
    {
        "type": "MS",
        "niceType": "Maestro",
        "images": [
            {
                "density": "1x",
                "size": "small",
                "background": false,
                "url": "https://static.dlocal.com/images/mobile/input-icons/small/MS.png"
            },
            {
                "density": "2x",
                "size": "small",
                "background": false,
                "url": "https://static.dlocal.com/images/mobile/input-icons/small/MS@2x.png"
            },
            {
                "density": "3x",
                "size": "small",
                "background": false,
                "url": "https://static.dlocal.com/images/mobile/input-icons/small/MS@3x.png"
            },
            {
                "density": "1x",
                "size": "small",
                "background": true,
                "url": "https://static.dlocal.com/images/mobile/input-icons/background/small/MS.png"
            },
            {
                "density": "2x",
                "size": "small",
                "background": true,
                "url": "https://static.dlocal.com/images/mobile/input-icons/background/small/MS@2x.png"
            },
            {
                "density": "3x",
                "size": "small",
                "background": true,
                "url": "https://static.dlocal.com/images/mobile/input-icons/background/small/MS@3x.png"
            }
        ],
        "patterns": [493698, [500000, 506698], [506779, 508999], [56, 59], 63, 67, 6],
        "gaps": [4, 8, 12],
        "validation": "standard",
        "excludePattern": "^(507808|507803|507810)",
        "length": 16,
        "code": {
            "name": "Security Code",
            "size": [3]
        }
    },
    {
        "type": "ME",
        "niceType": "Meeza",
        "images": [
            {
                "density": "1x",
                "size": "small",
                "background": false,
                "url": "https://static.dlocal.com/images/mobile/input-icons/small/ME.png"
            },
            {
                "density": "2x",
                "size": "small",
                "background": false,
                "url": "https://static.dlocal.com/images/mobile/input-icons/small/ME@2x.png"
            },
            {
                "density": "3x",
                "size": "small",
                "background": false,
                "url": "https://static.dlocal.com/images/mobile/input-icons/small/ME@3x.png"
            },
            {
                "density": "1x",
                "size": "small",
                "background": true,
                "url": "https://static.dlocal.com/images/mobile/input-icons/background/small/ME.png"
            },
            {
                "density": "2x",
                "size": "small",
                "background": true,
                "url": "https://static.dlocal.com/images/mobile/input-icons/background/small/ME@2x.png"
            },
            {
                "density": "3x",
                "size": "small",
                "background": true,
                "url": "https://static.dlocal.com/images/mobile/input-icons/background/small/ME@3x.png"
            }
        ],
        "patterns": [507808, 507803, 507810],
        "excludePattern": null,
        "validation": "standard",
        "gaps": [4, 8, 12],
        "length": 16,
        "code": {
            "name": "Security Code",
            "size": [3]
        }
    },
    {
        "type": "MC",
        "niceType": "Mastercard",
        "images": [
            {
                "density": "1x",
                "size": "small",
                "background": false,
                "url": "https://static.dlocal.com/images/mobile/input-icons/small/MC.png"
            },
            {
                "density": "2x",
                "size": "small",
                "background": false,
                "url": "https://static.dlocal.com/images/mobile/input-icons/small/MC@2x.png"
            },
            {
                "density": "3x",
                "size": "small",
                "background": false,
                "url": "https://static.dlocal.com/images/mobile/input-icons/small/MC@3x.png"
            },
            {
                "density": "1x",
                "size": "small",
                "background": true,
                "url": "https://static.dlocal.com/images/mobile/input-icons/background/small/MC.png"
            },
            {
                "density": "2x",
                "size": "small",
                "background": true,
                "url": "https://static.dlocal.com/images/mobile/input-icons/background/small/MC@2x.png"
            },
            {
                "density": "3x",
                "size": "small",
                "background": true,
                "url": "https://static.dlocal.com/images/mobile/input-icons/background/small/MC@3x.png"
            }
        ],
        "patterns": [[51, 55], [2221, 2229], [223, 229], [23, 26], [270, 271], 2720],
        "excludePattern": "^(507808|507803|507810)",
        "validation": "standard",
        "gaps": [4, 8, 12],
        "length": 16,
        "code": {
            "name": "Security Code",
            "size": [3]
        }
    }
]
