[
    {
        "type": "VI",
        "niceType": "Visa",
        "images": [
            {
                "density": "1x",
                "size": "small",
                "background": false,
                "url": "https://static.dlocal.com/images/mobile/input-icons/small/VI.png"
            },
            {
                "density": "2x",
                "size": "small",
                "background": false,
                "url": "https://static.dlocal.com/images/mobile/input-icons/small/VI@2x.png"
            },
            {
                "density": "3x",
                "size": "small",
                "background": false,
                "url": "https://static.dlocal.com/images/mobile/input-icons/small/VI@3x.png"
            },
            {
                "density": "1x",
                "size": "small",
                "background": true,
                "url": "https://static.dlocal.com/images/mobile/input-icons/background/small/VI.png"
            },
            {
                "density": "2x",
                "size": "small",
                "background": true,
                "url": "https://static.dlocal.com/images/mobile/input-icons/background/small/VI@2x.png"
            },
            {
                "density": "3x",
                "size": "small",
                "background": true,
                "url": "https://static.dlocal.com/images/mobile/input-icons/background/small/VI@3x.png"
            }
        ],
        "patterns": [4],
        "excludePattern": "^(410057|410044|407878|407874|483105|478015|416234|421356|483179|486503|474631|489486|485025|422826|422829|433895|433894|405893|441319|405742|420390|486353|486352|433896|400657|419577|455896|455895|441331|492491|404699|485481|402701|426154|426153|422827|453967|438043|433466|410335|410334|498544|492439|483039|477200|469710|459334|457571|457339|454777|444686|421355|415297|411074|406293|447315|459350|428582|428581|440822|491248|491246|455788|455787|477113|455170|455103|438168|428597|421531|482421|447411|421410|491249|457391|481510|451775)",
        "validation": "standard",
        "gaps": [4, 8, 12],
        "length": 16,
        "code": {
            "name": "Security Code",
            "size": [3]
        }
    },
    {
        "type": "VD",
        "niceType": "Visa Débito",
        "images": [
            {
                "density": "1x",
                "size": "small",
                "background": false,
                "url": "https://static.dlocal.com/images/mobile/input-icons/small/VD.png"
            },
            {
                "density": "2x",
                "size": "small",
                "background": false,
                "url": "https://static.dlocal.com/images/mobile/input-icons/small/VD@2x.png"
            },
            {
                "density": "3x",
                "size": "small",
                "background": false,
                "url": "https://static.dlocal.com/images/mobile/input-icons/small/VD@3x.png"
            },
            {
                "density": "1x",
                "size": "small",
                "background": true,
                "url": "https://static.dlocal.com/images/mobile/input-icons/background/small/VD.png"
            },
            {
                "density": "2x",
                "size": "small",
                "background": true,
                "url": "https://static.dlocal.com/images/mobile/input-icons/background/small/VD@2x.png"
            },
            {
                "density": "3x",
                "size": "small",
                "background": true,
                "url": "https://static.dlocal.com/images/mobile/input-icons/background/small/VD@3x.png"
            }
        ],
        "patterns": [
            410057,
            410044,
            407878,
            407874,
            483105,
            478015,
            416234,
            421356,
            483179,
            486503,
            474631,
            489486,
            485025,
            422826,
            422829,
            433895,
            433894,
            405893,
            441319,
            405742,
            420390,
            486353,
            486352,
            433896,
            400657,
            419577,
            455896,
            455895,
            441331,
            492491,
            404699,
            485481,
            402701,
            426154,
            426153,
            422827,
            453967,
            438043,
            433466,
            410335,
            410334,
            498544,
            492439,
            483039,
            477200,
            469710,
            459334,
            457571,
            457339,
            454777,
            444686,
            421355,
            415297,
            411074,
            406293,
            447315,
            459350,
            428582,
            428581,
            440822,
            491248,
            491246,
            455788,
            455787,
            477113,
            455170,
            455103,
            438168,
            428597,
            421531,
            482421,
            447411,
            421410,
            491249,
            457391,
            481510,
            451775
        ],
        "excludePattern": null,
        "validation": "standard",
        "gaps": [4, 8, 12],
        "length": 16,
        "code": {
            "name": "Security Code",
            "size": [3]
        }
    },
    {
        "type": "AE",
        "niceType": "American Express",
        "images": [
            {
                "density": "1x",
                "size": "small",
                "background": false,
                "url": "https://static.dlocal.com/images/mobile/input-icons/small/AE.png"
            },
            {
                "density": "2x",
                "size": "small",
                "background": false,
                "url": "https://static.dlocal.com/images/mobile/input-icons/small/AE@2x.png"
            },
            {
                "density": "3x",
                "size": "small",
                "background": false,
                "url": "https://static.dlocal.com/images/mobile/input-icons/small/AE@3x.png"
            },
            {
                "density": "1x",
                "size": "small",
                "background": true,
                "url": "https://static.dlocal.com/images/mobile/input-icons/background/small/AE.png"
            },
            {
                "density": "2x",
                "size": "small",
                "background": true,
                "url": "https://static.dlocal.com/images/mobile/input-icons/background/small/AE@2x.png"
            },
            {
                "density": "3x",
                "size": "small",
                "background": true,
                "url": "https://static.dlocal.com/images/mobile/input-icons/background/small/AE@3x.png"
            }
        ],
        "patterns": [3],
        "excludePattern": "^(39|300|301|302|303|304|305|392|3613|30303|30740|36993|39956|300291|301552|305100|305826|309152|320889|360045|360046|360047|360048|360049|360500|360501|360817|360818|360819|360820|360821|360822|360823|360824|360884|360922|360938|360939|360947|360948|360949|360950|360951|360980|360981|360982|360983|360984|360985|360986|360987|360988|360989|361003|361004|361005|361006|361007|361008|361009|361711|361712|361713|361714|361715|361716|361717|361718|361719|361720|361810|361811|361812|361813|361814|362188|362323|362333|362334|362335|362336|362337|362338|362347|362368|362369|362370|362371|362392|362393|362394|362395|362396|362397|362398|362399|362400|362401|362402|362403|362404|362405|362406|362407|362408|362409|362410|362411|362412|362413|362414|362415|362416|362417|362418|362419|362420|362421|362422|362423|362424|362425|362426|362427|362428|362429|362430|362431|362432|362433|362440|363333|363340|363341|363342|363348|363349|363350|363351|363352|363402|363411|363412|363659|364030|364034|364035|364043|364044|364045|364046|364047|364073|364074|364075|364076|364077|364078|364079|364080|364081|364082|364097|364098|364099|364100|364101|364102|364103|364225|364414|364454|364457|364458|364459|364460|364461|364462|364463|364464|364465|364466|364467|364468|364469|364470|364471|364472|364473|364474|364475|364500|364517|364518|364871|364885|365030|365031|365032|365033|365034|365035|365044|365121|365122|365123|365124|365139|365140|365141|365142|365143|365144|365145|365146|365147|365148|365149|365150|365151|365152|365153|365154|365155|365156|365157|365158|365159|365160|365161|365162|365163|365164|365165|365166|365167|365168|365169|365170|365171|365172|365173|365174|365175|365176|365177|365178|365179|365180|365192|365193|365194|365195|365196|365252|365362|365363|365364|365369|365370|365371|365390|365391|365392|365393|365394|365400|365401|365402|365403|365404|365408|365413|365414|365415|365432|365433|365477|365478|365479|365480|365481|365482|365483|365484|365485|365486|365636|365637|365755|366012|366201|366237|366240|366241|366242|366243|366244|366245|366246|366247|366248|366282|366299|366300|366476|366650|366663|366784|366815|366816|366817|366818|366819|366871|366968|366969|366970|366971|366972|366973|366974|366975|366976|366977|366981|366986|366987|366988|367013|367014|367056|367057|367058|367059|367060|367061|367062|367063|367064|367065|367066|367221|368826|369091|369092|369477|383847|389070|398124|3305100)",
        "validation": "standard",
        "gaps": [4, 8, 12],
        "length": 15,
        "code": {
            "name": "Security Code",
            "size": [3, 4]
        }
    },
    {
        "type": "DC",
        "niceType": "Diners",
        "images": [
            {
                "density": "1x",
                "size": "small",
                "background": false,
                "url": "https://static.dlocal.com/images/mobile/input-icons/small/DC.png"
            },
            {
                "density": "2x",
                "size": "small",
                "background": false,
                "url": "https://static.dlocal.com/images/mobile/input-icons/small/DC@2x.png"
            },
            {
                "density": "3x",
                "size": "small",
                "background": false,
                "url": "https://static.dlocal.com/images/mobile/input-icons/small/DC@3x.png"
            },
            {
                "density": "1x",
                "size": "small",
                "background": true,
                "url": "https://static.dlocal.com/images/mobile/input-icons/background/small/DC.png"
            },
            {
                "density": "2x",
                "size": "small",
                "background": true,
                "url": "https://static.dlocal.com/images/mobile/input-icons/background/small/DC@2x.png"
            },
            {
                "density": "3x",
                "size": "small",
                "background": true,
                "url": "https://static.dlocal.com/images/mobile/input-icons/background/small/DC@3x.png"
            }
        ],
        "patterns": [
            39,
            300,
            301,
            302,
            303,
            304,
            305,
            392,
            3613,
            30303,
            30740,
            36993,
            39956,
            300291,
            301552,
            305100,
            305826,
            309152,
            320889,
            360045,
            360046,
            360047,
            360048,
            360049,
            360500,
            360501,
            360817,
            360818,
            360819,
            360820,
            360821,
            360822,
            360823,
            360824,
            360884,
            360922,
            360938,
            360939,
            360947,
            360948,
            360949,
            360950,
            360951,
            360980,
            360981,
            360982,
            360983,
            360984,
            360985,
            360986,
            360987,
            360988,
            360989,
            361003,
            361004,
            361005,
            361006,
            361007,
            361008,
            361009,
            361711,
            361712,
            361713,
            361714,
            361715,
            361716,
            361717,
            361718,
            361719,
            361720,
            361810,
            361811,
            361812,
            361813,
            361814,
            362188,
            362323,
            362333,
            362334,
            362335,
            362336,
            362337,
            362338,
            362347,
            362368,
            362369,
            362370,
            362371,
            362392,
            362393,
            362394,
            362395,
            362396,
            362397,
            362398,
            362399,
            362400,
            362401,
            362402,
            362403,
            362404,
            362405,
            362406,
            362407,
            362408,
            362409,
            362410,
            362411,
            362412,
            362413,
            362414,
            362415,
            362416,
            362417,
            362418,
            362419,
            362420,
            362421,
            362422,
            362423,
            362424,
            362425,
            362426,
            362427,
            362428,
            362429,
            362430,
            362431,
            362432,
            362433,
            362440,
            363333,
            363340,
            363341,
            363342,
            363348,
            363349,
            363350,
            363351,
            363352,
            363402,
            363411,
            363412,
            363659,
            364030,
            364034,
            364035,
            364043,
            364044,
            364045,
            364046,
            364047,
            364073,
            364074,
            364075,
            364076,
            364077,
            364078,
            364079,
            364080,
            364081,
            364082,
            364097,
            364098,
            364099,
            364100,
            364101,
            364102,
            364103,
            364225,
            364414,
            364454,
            364457,
            364458,
            364459,
            364460,
            364461,
            364462,
            364463,
            364464,
            364465,
            364466,
            364467,
            364468,
            364469,
            364470,
            364471,
            364472,
            364473,
            364474,
            364475,
            364500,
            364517,
            364518,
            364871,
            364885,
            365030,
            365031,
            365032,
            365033,
            365034,
            365035,
            365044,
            365121,
            365122,
            365123,
            365124,
            365139,
            365140,
            365141,
            365142,
            365143,
            365144,
            365145,
            365146,
            365147,
            365148,
            365149,
            365150,
            365151,
            365152,
            365153,
            365154,
            365155,
            365156,
            365157,
            365158,
            365159,
            365160,
            365161,
            365162,
            365163,
            365164,
            365165,
            365166,
            365167,
            365168,
            365169,
            365170,
            365171,
            365172,
            365173,
            365174,
            365175,
            365176,
            365177,
            365178,
            365179,
            365180,
            365192,
            365193,
            365194,
            365195,
            365196,
            365252,
            365362,
            365363,
            365364,
            365369,
            365370,
            365371,
            365390,
            365391,
            365392,
            365393,
            365394,
            365400,
            365401,
            365402,
            365403,
            365404,
            365408,
            365413,
            365414,
            365415,
            365432,
            365433,
            365477,
            365478,
            365479,
            365480,
            365481,
            365482,
            365483,
            365484,
            365485,
            365486,
            365636,
            365637,
            365755,
            366012,
            366201,
            366237,
            366240,
            366241,
            366242,
            366243,
            366244,
            366245,
            366246,
            366247,
            366248,
            366282,
            366299,
            366300,
            366476,
            366650,
            366663,
            366784,
            366815,
            366816,
            366817,
            366818,
            366819,
            366871,
            366968,
            366969,
            366970,
            366971,
            366972,
            366973,
            366974,
            366975,
            366976,
            366977,
            366981,
            366986,
            366987,
            366988,
            367013,
            367014,
            367056,
            367057,
            367058,
            367059,
            367060,
            367061,
            367062,
            367063,
            367064,
            367065,
            367066,
            367221,
            368826,
            369091,
            369092,
            369477,
            383847,
            389070,
            398124,
            3305100
        ],
        "excludePattern": null,
        "validation": "none",
        "gaps": [4, 10],
        "length": 14,
        "code": {
            "name": "Security Code",
            "size": [3]
        }
    },
    {
        "type": "MC",
        "niceType": "Mastercard",
        "images": [
            {
                "density": "1x",
                "size": "small",
                "background": false,
                "url": "https://static.dlocal.com/images/mobile/input-icons/small/MC.png"
            },
            {
                "density": "2x",
                "size": "small",
                "background": false,
                "url": "https://static.dlocal.com/images/mobile/input-icons/small/MC@2x.png"
            },
            {
                "density": "3x",
                "size": "small",
                "background": false,
                "url": "https://static.dlocal.com/images/mobile/input-icons/small/MC@3x.png"
            },
            {
                "density": "1x",
                "size": "small",
                "background": true,
                "url": "https://static.dlocal.com/images/mobile/input-icons/background/small/MC.png"
            },
            {
                "density": "2x",
                "size": "small",
                "background": true,
                "url": "https://static.dlocal.com/images/mobile/input-icons/background/small/MC@2x.png"
            },
            {
                "density": "3x",
                "size": "small",
                "background": true,
                "url": "https://static.dlocal.com/images/mobile/input-icons/background/small/MC@3x.png"
            }
        ],
        "patterns": [5, 231027],
        "excludePattern": "^(516003|511842|510308|517815|231000|549913|524486|250009|223030|231020|530150|510308|519515|546342|554598|519348|512092|536762|531370|517878|532994)",
        "validation": "standard",
        "gaps": [4, 8, 12],
        "length": 16,
        "code": {
            "name": "Security Code",
            "size": [3]
        }
    },
    {
        "type": "MD",
        "niceType": "Mastercard Débito",
        "images": [
            {
                "density": "1x",
                "size": "small",
                "background": false,
                "url": "https://static.dlocal.com/images/mobile/input-icons/small/MD.png"
            },
            {
                "density": "2x",
                "size": "small",
                "background": false,
                "url": "https://static.dlocal.com/images/mobile/input-icons/small/MD@2x.png"
            },
            {
                "density": "3x",
                "size": "small",
                "background": false,
                "url": "https://static.dlocal.com/images/mobile/input-icons/small/MD@3x.png"
            },
            {
                "density": "1x",
                "size": "small",
                "background": true,
                "url": "https://static.dlocal.com/images/mobile/input-icons/background/small/MD.png"
            },
            {
                "density": "2x",
                "size": "small",
                "background": true,
                "url": "https://static.dlocal.com/images/mobile/input-icons/background/small/MD@2x.png"
            },
            {
                "density": "3x",
                "size": "small",
                "background": true,
                "url": "https://static.dlocal.com/images/mobile/input-icons/background/small/MD@3x.png"
            }
        ],
        "patterns": [
            516003,
            511842,
            510308,
            517815,
            231000,
            549913,
            524486,
            250009,
            223030,
            231020,
            530150,
            510308,
            519515,
            546342,
            554598,
            519348,
            512092,
            536762,
            531370,
            517878,
            532994
        ],
        "excludePattern": null,
        "validation": "standard",
        "gaps": [4, 8, 12],
        "length": 16,
        "code": {
            "name": "Security Code",
            "size": [3]
        }
    },
    {
        "type": "MS",
        "niceType": "Maestro",
        "images": [
            {
                "density": "1x",
                "size": "small",
                "background": false,
                "url": "https://static.dlocal.com/images/mobile/input-icons/small/MS.png"
            },
            {
                "density": "2x",
                "size": "small",
                "background": false,
                "url": "https://static.dlocal.com/images/mobile/input-icons/small/MS@2x.png"
            },
            {
                "density": "3x",
                "size": "small",
                "background": false,
                "url": "https://static.dlocal.com/images/mobile/input-icons/small/MS@3x.png"
            },
            {
                "density": "1x",
                "size": "small",
                "background": true,
                "url": "https://static.dlocal.com/images/mobile/input-icons/background/small/MS.png"
            },
            {
                "density": "2x",
                "size": "small",
                "background": true,
                "url": "https://static.dlocal.com/images/mobile/input-icons/background/small/MS@2x.png"
            },
            {
                "density": "3x",
                "size": "small",
                "background": true,
                "url": "https://static.dlocal.com/images/mobile/input-icons/background/small/MS@3x.png"
            }
        ],
        "patterns": [493698, [500000, 506698], [506779, 508999], [56, 59], 63, 67, 6],
        "gaps": [4, 8, 12],
        "excludePattern": "^(516003|511842|510308|517815|231000|549913|524486|250009|223030|231020|530150|510308|519515|546342|554598|519348|512092|536762|531370|517878|532994)",
        "lengths": [12, 13, 14, 15, 16, 17, 18, 19],
        "code": {
            "name": "Security Code",
            "size": [3]
        }
    }
]
