[{
        "type": "VI",
        "niceType": "Visa",
        "images": [
            {
                "density": "1x",
                "size": "small",
                "background": false,
                "url": "https://static.dlocal.com/images/mobile/input-icons/small/VI.png"
            },
            {
                "density": "2x",
                "size": "small",
                "background": false,
                "url": "https://static.dlocal.com/images/mobile/input-icons/small/VI@2x.png"
            },
            {
                "density": "3x",
                "size": "small",
                "background": false,
                "url": "https://static.dlocal.com/images/mobile/input-icons/small/VI@3x.png"
            },
            {
                "density": "1x",
                "size": "small",
                "background": true,
                "url": "https://static.dlocal.com/images/mobile/input-icons/background/small/VI.png"
            },
            {
                "density": "2x",
                "size": "small",
                "background": true,
                "url": "https://static.dlocal.com/images/mobile/input-icons/background/small/VI@2x.png"
            },
            {
                "density": "3x",
                "size": "small",
                "background": true,
                "url": "https://static.dlocal.com/images/mobile/input-icons/background/small/VI@3x.png"
            }
        ],
        "patterns": [4],
        "excludePattern": null,
        "validation": "standard",
        "gaps": [4, 8, 12],
        "length": 16,
        "code": {
            "name": "Security Code",
            "size": [3]
        }
    },
    {
        "type": "MC",
        "niceType": "Mastercard",
        "images": [
            {
                "density": "1x",
                "size": "small",
                "background": false,
                "url": "https://static.dlocal.com/images/mobile/input-icons/small/MC.png"
            },
            {
                "density": "2x",
                "size": "small",
                "background": false,
                "url": "https://static.dlocal.com/images/mobile/input-icons/small/MC@2x.png"
            },
            {
                "density": "3x",
                "size": "small",
                "background": false,
                "url": "https://static.dlocal.com/images/mobile/input-icons/small/MC@3x.png"
            },
            {
                "density": "1x",
                "size": "small",
                "background": true,
                "url": "https://static.dlocal.com/images/mobile/input-icons/background/small/MC.png"
            },
            {
                "density": "2x",
                "size": "small",
                "background": true,
                "url": "https://static.dlocal.com/images/mobile/input-icons/background/small/MC@2x.png"
            },
            {
                "density": "3x",
                "size": "small",
                "background": true,
                "url": "https://static.dlocal.com/images/mobile/input-icons/background/small/MC@3x.png"
            }
        ],
        "patterns": [5, 2221, 2222, 2223, 2224, 2225, 2226, 2227, 2228, 2229, 223, 224, 225, 226, 227, 228, 229, 23, 24, 25, 26, 270, 271, 2720],
        "excludePattern": null,
        "validation": "standard",
        "gaps": [4, 8, 12],
        "length": 16,
        "code": {
            "name": "Security Code",
            "size": [3]
        }
    },
    {
        "type": "MS",
        "niceType": "Maestro",
        "images": [
            {
                "density": "1x",
                "size": "small",
                "background": false,
                "url": "https://static.dlocal.com/images/mobile/input-icons/small/MS.png"
            },
            {
                "density": "2x",
                "size": "small",
                "background": false,
                "url": "https://static.dlocal.com/images/mobile/input-icons/small/MS@2x.png"
            },
            {
                "density": "3x",
                "size": "small",
                "background": false,
                "url": "https://static.dlocal.com/images/mobile/input-icons/small/MS@3x.png"
            },
            {
                "density": "1x",
                "size": "small",
                "background": true,
                "url": "https://static.dlocal.com/images/mobile/input-icons/background/small/MS.png"
            },
            {
                "density": "2x",
                "size": "small",
                "background": true,
                "url": "https://static.dlocal.com/images/mobile/input-icons/background/small/MS@2x.png"
            },
            {
                "density": "3x",
                "size": "small",
                "background": true,
                "url": "https://static.dlocal.com/images/mobile/input-icons/background/small/MS@3x.png"
            }
        ],
        "patterns": [493698, [500000, 506698],
            [506779, 508999],
            [56, 59], 63, 67, 6
        ],
        "gaps": [4, 8, 12],
        "excludePattern": null,
        "length": 16,
        "code": {
            "name": "Security Code",
            "size": [3]
        }
    },
    {
        "type": "AE",
        "niceType": "American Express",
        "images": [
            {
                "density": "1x",
                "size": "small",
                "background": false,
                "url": "https://static.dlocal.com/images/mobile/input-icons/small/AE.png"
            },
            {
                "density": "2x",
                "size": "small",
                "background": false,
                "url": "https://static.dlocal.com/images/mobile/input-icons/small/AE@2x.png"
            },
            {
                "density": "3x",
                "size": "small",
                "background": false,
                "url": "https://static.dlocal.com/images/mobile/input-icons/small/AE@3x.png"
            },
            {
                "density": "1x",
                "size": "small",
                "background": true,
                "url": "https://static.dlocal.com/images/mobile/input-icons/background/small/AE.png"
            },
            {
                "density": "2x",
                "size": "small",
                "background": true,
                "url": "https://static.dlocal.com/images/mobile/input-icons/background/small/AE@2x.png"
            },
            {
                "density": "3x",
                "size": "small",
                "background": true,
                "url": "https://static.dlocal.com/images/mobile/input-icons/background/small/AE@3x.png"
            }
        ],
        "patterns": [34, 37],
        "excludePattern": null,
        "validation": "standard",
        "gaps": [5, 10],
        "length": 15,
        "code": {
            "name": "Security Code",
            "size": [3, 4]
        }
    },
    {
        "type": "DC",
        "niceType": "Diners",
        "images": [
            {
                "density": "1x",
                "size": "small",
                "background": false,
                "url": "https://static.dlocal.com/images/mobile/input-icons/small/DC.png"
            },
            {
                "density": "2x",
                "size": "small",
                "background": false,
                "url": "https://static.dlocal.com/images/mobile/input-icons/small/DC@2x.png"
            },
            {
                "density": "3x",
                "size": "small",
                "background": false,
                "url": "https://static.dlocal.com/images/mobile/input-icons/small/DC@3x.png"
            },
            {
                "density": "1x",
                "size": "small",
                "background": true,
                "url": "https://static.dlocal.com/images/mobile/input-icons/background/small/DC.png"
            },
            {
                "density": "2x",
                "size": "small",
                "background": true,
                "url": "https://static.dlocal.com/images/mobile/input-icons/background/small/DC@2x.png"
            },
            {
                "density": "3x",
                "size": "small",
                "background": true,
                "url": "https://static.dlocal.com/images/mobile/input-icons/background/small/DC@3x.png"
            }
        ],
        "patterns": [30, 36, 38, 39],
        "excludePattern": null,
        "validation": "standard",
        "gaps": [4, 10],
        "length": 14,
        "code": {
            "name": "Security Code",
            "size": [3]
        }
    }
]
