[
    {
        "type": "MS",
        "niceType": "Maestro",
        "images": [
            {
                "density": "1x",
                "size": "small",
                "background": false,
                "url": "https://static.dlocal.com/images/mobile/input-icons/small/MS.png"
            },
            {
                "density": "2x",
                "size": "small",
                "background": false,
                "url": "https://static.dlocal.com/images/mobile/input-icons/small/MS@2x.png"
            },
            {
                "density": "3x",
                "size": "small",
                "background": false,
                "url": "https://static.dlocal.com/images/mobile/input-icons/small/MS@3x.png"
            },
            {
                "density": "1x",
                "size": "small",
                "background": true,
                "url": "https://static.dlocal.com/images/mobile/input-icons/background/small/MS.png"
            },
            {
                "density": "2x",
                "size": "small",
                "background": true,
                "url": "https://static.dlocal.com/images/mobile/input-icons/background/small/MS@2x.png"
            },
            {
                "density": "3x",
                "size": "small",
                "background": true,
                "url": "https://static.dlocal.com/images/mobile/input-icons/background/small/MS@3x.png"
            }
        ],
        "patterns": [493698, [500000, 506698], [506779, 508999], [56, 59], 63, 67, 6],
        "gaps": [4, 8, 12],
        "excludePattern": "^(506099|506100|506101|506102|506103|506104|506105|506106|506107|506108|506109|506110|506111|506112|506113|506114|506115|506116|506117|506118|506119|506120|506121|506122|506123|506124|506125|506126|506127|506128|506129|506130|506131|506132|506133|506134|506135|506136|506137|506138|506139|506140|506141|506142|506143|506144|506145|506146|506147|506148|506149|506150|506151|506152|506153|506154|506155|506156|506157|506158|506159|506160|506161|506162|506163|506164|506165|506166|506167|506168|506169|506170|506171|506172|506173|506174|506175|506176|506177|506178|506179|506180|506181|506182|506183|506184|506185|506186|506187|506188|506189|506190|506191|506192|506193|506194|506195|506196|506197|506198|650002|650003|650004|650005|650006|650007)",
        "lengths": [12, 13, 14, 15, 16, 17, 18, 19],
        "code": {
            "name": "Security Code",
            "size": [3]
        }
    },
    {
        "type": "VE",
        "niceType": "Verve",
        "images": [
            {
                "density": "1x",
                "size": "small",
                "background": false,
                "url": "https://static.dlocal.com/images/mobile/input-icons/small/VE.png"
            },
            {
                "density": "2x",
                "size": "small",
                "background": false,
                "url": "https://static.dlocal.com/images/mobile/input-icons/small/VE@2x.png"
            },
            {
                "density": "3x",
                "size": "small",
                "background": false,
                "url": "https://static.dlocal.com/images/mobile/input-icons/small/VE@3x.png"
            },
            {
                "density": "1x",
                "size": "small",
                "background": true,
                "url": "https://static.dlocal.com/images/mobile/input-icons/background/small/VE.png"
            },
            {
                "density": "2x",
                "size": "small",
                "background": true,
                "url": "https://static.dlocal.com/images/mobile/input-icons/background/small/VE@2x.png"
            },
            {
                "density": "3x",
                "size": "small",
                "background": true,
                "url": "https://static.dlocal.com/images/mobile/input-icons/background/small/VE@3x.png"
            }
        ],
        "patterns": [
            506099,
            506100,
            506101,
            506102,
            506103,
            506104,
            506105,
            506106,
            506107,
            506108,
            506109,
            506110,
            506111,
            506112,
            506113,
            506114,
            506115,
            506116,
            506117,
            506118,
            506119,
            506120,
            506121,
            506122,
            506123,
            506124,
            506125,
            506126,
            506127,
            506128,
            506129,
            506130,
            506131,
            506132,
            506133,
            506134,
            506135,
            506136,
            506137,
            506138,
            506139,
            506140,
            506141,
            506142,
            506143,
            506144,
            506145,
            506146,
            506147,
            506148,
            506149,
            506150,
            506151,
            506152,
            506153,
            506154,
            506155,
            506156,
            506157,
            506158,
            506159,
            506160,
            506161,
            506162,
            506163,
            506164,
            506165,
            506166,
            506167,
            506168,
            506169,
            506170,
            506171,
            506172,
            506173,
            506174,
            506175,
            506176,
            506177,
            506178,
            506179,
            506180,
            506181,
            506182,
            506183,
            506184,
            506185,
            506186,
            506187,
            506188,
            506189,
            506190,
            506191,
            506192,
            506193,
            506194,
            506195,
            506196,
            506197,
            506198,
            650002,
            650003,
            650004,
            650005,
            650006,
            650007
        ],
        "excludePattern": null,
        "validation": "standard",
        "gaps": [4, 8, 12, 16],
        "length": 19,
        "code": {
            "name": "Security Code",
            "size": [3, 4]
        }
    }
]
