[{
        "type": "VI",
        "niceType": "Visa",
        "images": [
            {
                "density": "1x",
                "size": "small",
                "background": false,
                "url": "https://static.dlocal.com/images/mobile/input-icons/small/VI.png"
            },
            {
                "density": "2x",
                "size": "small",
                "background": false,
                "url": "https://static.dlocal.com/images/mobile/input-icons/small/VI@2x.png"
            },
            {
                "density": "3x",
                "size": "small",
                "background": false,
                "url": "https://static.dlocal.com/images/mobile/input-icons/small/VI@3x.png"
            },
            {
                "density": "1x",
                "size": "small",
                "background": true,
                "url": "https://static.dlocal.com/images/mobile/input-icons/background/small/VI.png"
            },
            {
                "density": "2x",
                "size": "small",
                "background": true,
                "url": "https://static.dlocal.com/images/mobile/input-icons/background/small/VI@2x.png"
            },
            {
                "density": "3x",
                "size": "small",
                "background": true,
                "url": "https://static.dlocal.com/images/mobile/input-icons/background/small/VI@3x.png"
            }
        ],
        "patterns": [4],
        "excludePattern": "^(443264|400276|400615|402914|404625|405069|405515|405516|405755|405896|405897|406290|406291|406375|406652|406998|406999|408515|410082|410083|410121|410123|410853|411849|417309|421738|423623|428062|428063|428064|434795|437996|439818|442371|442548|444060|446343|446344|446347|450412|450799|451377|451701|451751|451756|451757|451758|451761|451763|451764|451765|451766|451767|451768|451769|451770|451772|451773|457596|457665|462815|463465|468508|473710|473711|473712|473714|473715|473716|473717|473718|473719|473720|473721|473722|473725|477051|477053|481397|481501|481502|481550|483002|483020|483188|489412|492528|499859|446344|446345|446346|400448)",
        "validation": "standard",
        "gaps": [4, 8, 12],
        "length": 16,
        "code": {
            "name": "Security Code",
            "size": [3]
        }
    },
    {
        "type": "MC",
        "niceType": "Mastercard",
        "images": [
            {
                "density": "1x",
                "size": "small",
                "background": false,
                "url": "https://static.dlocal.com/images/mobile/input-icons/small/MC.png"
            },
            {
                "density": "2x",
                "size": "small",
                "background": false,
                "url": "https://static.dlocal.com/images/mobile/input-icons/small/MC@2x.png"
            },
            {
                "density": "3x",
                "size": "small",
                "background": false,
                "url": "https://static.dlocal.com/images/mobile/input-icons/small/MC@3x.png"
            },
            {
                "density": "1x",
                "size": "small",
                "background": true,
                "url": "https://static.dlocal.com/images/mobile/input-icons/background/small/MC.png"
            },
            {
                "density": "2x",
                "size": "small",
                "background": true,
                "url": "https://static.dlocal.com/images/mobile/input-icons/background/small/MC@2x.png"
            },
            {
                "density": "3x",
                "size": "small",
                "background": true,
                "url": "https://static.dlocal.com/images/mobile/input-icons/background/small/MC@3x.png"
            }
        ],
        "patterns": [5, 2221, 2222, 2223, 2224, 2225, 2226, 2227, 2228, 2229, 223, 224, 225, 226, 227, 228, 229, 23, 24, 25, 26, 270, 271, 2720],
        "excludePattern": "^(589657|589562|557039|522135|522137|527555|542702|544764|550073|528824|511849|551238|501105|501020|501021|501023|501062|501038|501057|588729|501041|501056|501075|501080|501081)",
        "validation": "standard",
        "gaps": [4, 8, 12],
        "length": 16,
        "code": {
            "name": "Security Code",
            "size": [3]
        }
    },
    {
        "type": "AE",
        "niceType": "Amex",
        "images": [
            {
                "density": "1x",
                "size": "small",
                "background": false,
                "url": "https://static.dlocal.com/images/mobile/input-icons/small/AE.png"
            },
            {
                "density": "2x",
                "size": "small",
                "background": false,
                "url": "https://static.dlocal.com/images/mobile/input-icons/small/AE@2x.png"
            },
            {
                "density": "3x",
                "size": "small",
                "background": false,
                "url": "https://static.dlocal.com/images/mobile/input-icons/small/AE@3x.png"
            },
            {
                "density": "1x",
                "size": "small",
                "background": true,
                "url": "https://static.dlocal.com/images/mobile/input-icons/background/small/AE.png"
            },
            {
                "density": "2x",
                "size": "small",
                "background": true,
                "url": "https://static.dlocal.com/images/mobile/input-icons/background/small/AE@2x.png"
            },
            {
                "density": "3x",
                "size": "small",
                "background": true,
                "url": "https://static.dlocal.com/images/mobile/input-icons/background/small/AE@3x.png"
            }
        ],
        "patterns": [34, 37],
        "excludePattern": null,
        "validation": "standard",
        "gaps": [5, 10],
        "length": 15,
        "code": {
            "name": "Security Code",
            "size": [3, 4]
        }
    },
    {
        "type": "MP",
        "niceType": "Mercado Pago + Banco Patagonia",
        "images": [
            {
                "density": "1x",
                "size": "small",
                "background": false,
                "url": "https://static.dlocal.com/images/mobile/input-icons/small/MP.png"
            },
            {
                "density": "2x",
                "size": "small",
                "background": false,
                "url": "https://static.dlocal.com/images/mobile/input-icons/small/MP@2x.png"
            },
            {
                "density": "3x",
                "size": "small",
                "background": false,
                "url": "https://static.dlocal.com/images/mobile/input-icons/small/MP@3x.png"
            },
            {
                "density": "1x",
                "size": "small",
                "background": true,
                "url": "https://static.dlocal.com/images/mobile/input-icons/background/small/MP.png"
            },
            {
                "density": "2x",
                "size": "small",
                "background": true,
                "url": "https://static.dlocal.com/images/mobile/input-icons/background/small/MP@2x.png"
            },
            {
                "density": "3x",
                "size": "small",
                "background": true,
                "url": "https://static.dlocal.com/images/mobile/input-icons/background/small/MP@3x.png"
            }
        ],
        "patterns": [515073, 515070, 532384, 532383],
        "excludePattern": null,
        "validation": "standard",
        "gaps": [4, 8, 12],
        "length": 16,
        "code": {
            "name": "Security Code",
            "size": [3]
        }
    },
    {
        "type": "NT",
        "niceType": "Nativa Mastercard",
        "images": [
            {
                "density": "1x",
                "size": "small",
                "background": false,
                "url": "https://static.dlocal.com/images/mobile/input-icons/small/NT.png"
            },
            {
                "density": "2x",
                "size": "small",
                "background": false,
                "url": "https://static.dlocal.com/images/mobile/input-icons/small/NT@2x.png"
            },
            {
                "density": "3x",
                "size": "small",
                "background": false,
                "url": "https://static.dlocal.com/images/mobile/input-icons/small/NT@3x.png"
            },
            {
                "density": "1x",
                "size": "small",
                "background": true,
                "url": "https://static.dlocal.com/images/mobile/input-icons/background/small/NT.png"
            },
            {
                "density": "2x",
                "size": "small",
                "background": true,
                "url": "https://static.dlocal.com/images/mobile/input-icons/background/small/NT@2x.png"
            },
            {
                "density": "3x",
                "size": "small",
                "background": true,
                "url": "https://static.dlocal.com/images/mobile/input-icons/background/small/NT@3x.png"
            }
        ],
        "patterns": [520053, 546553, 554472, 531847, 527601],
        "excludePattern": null,
        "validation": "standard",
        "gaps": [4, 8, 12],
        "length": 16,
        "code": {
            "name": "Security Code",
            "size": [3]
        }
    },
    {
        "type": "CL",
        "niceType": "Cabal",
        "images": [
            {
                "density": "1x",
                "size": "small",
                "background": false,
                "url": "https://static.dlocal.com/images/mobile/input-icons/small/CL.png"
            },
            {
                "density": "2x",
                "size": "small",
                "background": false,
                "url": "https://static.dlocal.com/images/mobile/input-icons/small/CL@2x.png"
            },
            {
                "density": "3x",
                "size": "small",
                "background": false,
                "url": "https://static.dlocal.com/images/mobile/input-icons/small/CL@3x.png"
            },
            {
                "density": "1x",
                "size": "small",
                "background": true,
                "url": "https://static.dlocal.com/images/mobile/input-icons/background/small/CL.png"
            },
            {
                "density": "2x",
                "size": "small",
                "background": true,
                "url": "https://static.dlocal.com/images/mobile/input-icons/background/small/CL@2x.png"
            },
            {
                "density": "3x",
                "size": "small",
                "background": true,
                "url": "https://static.dlocal.com/images/mobile/input-icons/background/small/CL@3x.png"
            }
        ],
        "patterns": [627170, 589657, 603522, 604202, 604203, 604204, 604205, 604206, 604207, 604208, 604209, 604210, 604211, 604212, 604213, 604214, 604215, 604216, 604217, 604218, 604219, 604220, 604221, 604222, 604223, 604224, 604225, 604226, 604227, 604228, 604229, 604230, 604231, 604232, 604233, 604234, 604235, 604236, 604237, 604238, 604239, 604240, 604241, 604242, 604243, 604244, 604245, 604246, 604247, 604248, 604249, 604250, 604251, 604252, 604253, 604254, 604255, 604256, 604257, 604258, 604259, 604260, 604261, 604262, 604263, 604264, 604265, 604266, 604267, 604268, 604269, 604270, 604271, 604272, 604273, 604274, 604275, 604276, 604277, 604278, 604279, 604280, 604281, 604282, 604283, 604284, 604285, 604286, 604287, 604288, 604289, 604290, 604291, 604292, 604293, 604294, 604295, 604296, 604297, 604298, 604299, 604300, 604301, 604302, 604303, 604304, 604305, 604306, 604307, 604308, 604309, 604310, 604311, 604312, 604313, 604314, 604315, 604316, 604317, 604318, 604319, 604320, 604321, 604322, 604323, 604324, 604325, 604326, 604327, 604328, 604329, 604330, 604331, 604332, 604333, 604334, 604335, 604336, 604337, 604338, 604339, 604340, 604341, 604342, 604343, 604344, 604345, 604346, 604347, 604348, 604349, 604350, 604351, 604352, 604353, 604354, 604355, 604356, 604357, 604358, 604359, 604360, 604361, 604362, 604363, 604364, 604365, 604366, 604367, 604368, 604369, 604370, 604371, 604372, 604373, 604374, 604375, 604376, 604377, 604378, 604379, 604380, 604381, 604382, 604383, 604384, 604385, 604386, 604387, 604388, 604389, 604390, 604391, 604392, 604393, 604394, 604395, 604396, 604397, 604398, 604399, 604400],
        "excludePattern": "^(604201)",
        "validation": "standard",
        "gaps": [4, 8, 12],
        "length": 16,
        "code": {
            "name": "Security Code",
            "size": [3]
        }
    },
    {
        "type": "TS",
        "niceType": "Tarjeta Shopping",
        "images": [
            {
                "density": "1x",
                "size": "small",
                "background": false,
                "url": "https://static.dlocal.com/images/mobile/input-icons/small/TS.png"
            },
            {
                "density": "2x",
                "size": "small",
                "background": false,
                "url": "https://static.dlocal.com/images/mobile/input-icons/small/TS@2x.png"
            },
            {
                "density": "3x",
                "size": "small",
                "background": false,
                "url": "https://static.dlocal.com/images/mobile/input-icons/small/TS@3x.png"
            },
            {
                "density": "1x",
                "size": "small",
                "background": true,
                "url": "https://static.dlocal.com/images/mobile/input-icons/background/small/TS.png"
            },
            {
                "density": "2x",
                "size": "small",
                "background": true,
                "url": "https://static.dlocal.com/images/mobile/input-icons/background/small/TS@2x.png"
            },
            {
                "density": "3x",
                "size": "small",
                "background": true,
                "url": "https://static.dlocal.com/images/mobile/input-icons/background/small/TS@3x.png"
            }
        ],
        "patterns": [27995],
        "excludePattern": null,
        "validation": "standard",
        "gaps": [4, 8, 12],
        "lengths": [13],
        "code": {
            "name": "Security Code",
            "size": [3]
        }
    },
    {
        "type": "DC",
        "niceType": "Diners",
        "images": [
            {
                "density": "1x",
                "size": "small",
                "background": false,
                "url": "https://static.dlocal.com/images/mobile/input-icons/small/DC.png"
            },
            {
                "density": "2x",
                "size": "small",
                "background": false,
                "url": "https://static.dlocal.com/images/mobile/input-icons/small/DC@2x.png"
            },
            {
                "density": "3x",
                "size": "small",
                "background": false,
                "url": "https://static.dlocal.com/images/mobile/input-icons/small/DC@3x.png"
            },
            {
                "density": "1x",
                "size": "small",
                "background": true,
                "url": "https://static.dlocal.com/images/mobile/input-icons/background/small/DC.png"
            },
            {
                "density": "2x",
                "size": "small",
                "background": true,
                "url": "https://static.dlocal.com/images/mobile/input-icons/background/small/DC@2x.png"
            },
            {
                "density": "3x",
                "size": "small",
                "background": true,
                "url": "https://static.dlocal.com/images/mobile/input-icons/background/small/DC@3x.png"
            }
        ],
        "patterns": [30, 36, 38],
        "excludePattern": "^((3646)|(3648))",
        "validation": "standard",
        "gaps": [4, 10],
        "length": 14,
        "code": {
            "name": "Security Code",
            "size": [3]
        }
    },
    {
        "type": "CS",
        "niceType": "Cencosud",
        "images": [
            {
                "density": "1x",
                "size": "small",
                "background": false,
                "url": "https://static.dlocal.com/images/mobile/input-icons/small/CS.png"
            },
            {
                "density": "2x",
                "size": "small",
                "background": false,
                "url": "https://static.dlocal.com/images/mobile/input-icons/small/CS@2x.png"
            },
            {
                "density": "3x",
                "size": "small",
                "background": false,
                "url": "https://static.dlocal.com/images/mobile/input-icons/small/CS@3x.png"
            },
            {
                "density": "1x",
                "size": "small",
                "background": true,
                "url": "https://static.dlocal.com/images/mobile/input-icons/background/small/CS.png"
            },
            {
                "density": "2x",
                "size": "small",
                "background": true,
                "url": "https://static.dlocal.com/images/mobile/input-icons/background/small/CS@2x.png"
            },
            {
                "density": "3x",
                "size": "small",
                "background": true,
                "url": "https://static.dlocal.com/images/mobile/input-icons/background/small/CS@3x.png"
            }
        ],
        "patterns": [603493],
        "excludePattern": null,
        "validation": "standard",
        "gaps": [4, 8, 12],
        "length": 16,
        "code": {
            "name": "Security Code",
            "size": [3]
        }
    },
    {
        "type": "AG",
        "niceType": "Argencard",
        "images": [
            {
                "density": "1x",
                "size": "small",
                "background": false,
                "url": "https://static.dlocal.com/images/mobile/input-icons/small/AG.png"
            },
            {
                "density": "2x",
                "size": "small",
                "background": false,
                "url": "https://static.dlocal.com/images/mobile/input-icons/small/AG@2x.png"
            },
            {
                "density": "3x",
                "size": "small",
                "background": false,
                "url": "https://static.dlocal.com/images/mobile/input-icons/small/AG@3x.png"
            },
            {
                "density": "1x",
                "size": "small",
                "background": true,
                "url": "https://static.dlocal.com/images/mobile/input-icons/background/small/AG.png"
            },
            {
                "density": "2x",
                "size": "small",
                "background": true,
                "url": "https://static.dlocal.com/images/mobile/input-icons/background/small/AG@2x.png"
            },
            {
                "density": "3x",
                "size": "small",
                "background": true,
                "url": "https://static.dlocal.com/images/mobile/input-icons/background/small/AG@3x.png"
            }
        ],
        "patterns": [501105],
        "excludePattern": "^((589562)|(527571)|(527572))",
        "validation": "standard",
        "gaps": [4, 8, 12],
        "length": 16,
        "code": {
            "name": "Security Code",
            "size": [3]
        }
    },
    {
        "type": "MS",
        "niceType": "Maestro",
        "images": [
            {
                "density": "1x",
                "size": "small",
                "background": false,
                "url": "https://static.dlocal.com/images/mobile/input-icons/small/MS.png"
            },
            {
                "density": "2x",
                "size": "small",
                "background": false,
                "url": "https://static.dlocal.com/images/mobile/input-icons/small/MS@2x.png"
            },
            {
                "density": "3x",
                "size": "small",
                "background": false,
                "url": "https://static.dlocal.com/images/mobile/input-icons/small/MS@3x.png"
            },
            {
                "density": "1x",
                "size": "small",
                "background": true,
                "url": "https://static.dlocal.com/images/mobile/input-icons/background/small/MS.png"
            },
            {
                "density": "2x",
                "size": "small",
                "background": true,
                "url": "https://static.dlocal.com/images/mobile/input-icons/background/small/MS@2x.png"
            },
            {
                "density": "3x",
                "size": "small",
                "background": true,
                "url": "https://static.dlocal.com/images/mobile/input-icons/background/small/MS@3x.png"
            }
        ],
        "patterns": [501059, 557909, 501066, 588729, 501075, 501062, 501060, 501057, 501056, 501055, 501053, 501043, 501041, 501038, 501028, 501023, 501021, 501020, 501018, 501016],
        "excludePattern": null,
        "validation": "none",
        "gaps": [4, 8, 12],
        "length": 18,
        "code": {
            "name": "Security Code",
            "size": [3]
        }
    },
    {
        "type": "MS",
        "niceType": "Maestro",
        "images": [
            {
                "density": "1x",
                "size": "small",
                "background": false,
                "url": "https://static.dlocal.com/images/mobile/input-icons/small/MS.png"
            },
            {
                "density": "2x",
                "size": "small",
                "background": false,
                "url": "https://static.dlocal.com/images/mobile/input-icons/small/MS@2x.png"
            },
            {
                "density": "3x",
                "size": "small",
                "background": false,
                "url": "https://static.dlocal.com/images/mobile/input-icons/small/MS@3x.png"
            },
            {
                "density": "1x",
                "size": "small",
                "background": true,
                "url": "https://static.dlocal.com/images/mobile/input-icons/background/small/MS.png"
            },
            {
                "density": "2x",
                "size": "small",
                "background": true,
                "url": "https://static.dlocal.com/images/mobile/input-icons/background/small/MS@2x.png"
            },
            {
                "density": "3x",
                "size": "small",
                "background": true,
                "url": "https://static.dlocal.com/images/mobile/input-icons/background/small/MS@3x.png"
            }
        ],
        "patterns": [601782, 508143, 501081, 501080],
        "excludePattern": null,
        "validation": "none",
        "gaps": [4, 8, 12],
        "length": 19,
        "code": {
            "name": "Security Code",
            "size": [3]
        }
    },
    {
        "type": "MD",
        "niceType": "Mastercard Débito",
        "images": [
            {
                "density": "1x",
                "size": "small",
                "background": false,
                "url": "https://static.dlocal.com/images/mobile/input-icons/small/MD.png"
            },
            {
                "density": "2x",
                "size": "small",
                "background": false,
                "url": "https://static.dlocal.com/images/mobile/input-icons/small/MD@2x.png"
            },
            {
                "density": "3x",
                "size": "small",
                "background": false,
                "url": "https://static.dlocal.com/images/mobile/input-icons/small/MD@3x.png"
            },
            {
                "density": "1x",
                "size": "small",
                "background": true,
                "url": "https://static.dlocal.com/images/mobile/input-icons/background/small/MD.png"
            },
            {
                "density": "2x",
                "size": "small",
                "background": true,
                "url": "https://static.dlocal.com/images/mobile/input-icons/background/small/MD@2x.png"
            },
            {
                "density": "3x",
                "size": "small",
                "background": true,
                "url": "https://static.dlocal.com/images/mobile/input-icons/background/small/MD@3x.png"
            }
        ],
        "patterns": [511309, 514285, 546367, 557648, 511849, 517562, 528745, 549180, 528733, 551792, 553771, 553777, 553839, 525855],
        "excludePattern": null,
        "validation": "standard",
        "gaps": [4, 8, 12],
        "length": 16,
        "code": {
            "name": "Security Code",
            "size": [3]
        }
    },
    {
        "type": "LD",
        "niceType": "Cabal Débito",
        "images": [
            {
                "density": "1x",
                "size": "small",
                "background": false,
                "url": "https://static.dlocal.com/images/mobile/input-icons/small/LD.png"
            },
            {
                "density": "2x",
                "size": "small",
                "background": false,
                "url": "https://static.dlocal.com/images/mobile/input-icons/small/LD@2x.png"
            },
            {
                "density": "3x",
                "size": "small",
                "background": false,
                "url": "https://static.dlocal.com/images/mobile/input-icons/small/LD@3x.png"
            },
            {
                "density": "1x",
                "size": "small",
                "background": true,
                "url": "https://static.dlocal.com/images/mobile/input-icons/background/small/LD.png"
            },
            {
                "density": "2x",
                "size": "small",
                "background": true,
                "url": "https://static.dlocal.com/images/mobile/input-icons/background/small/LD@2x.png"
            },
            {
                "density": "3x",
                "size": "small",
                "background": true,
                "url": "https://static.dlocal.com/images/mobile/input-icons/background/small/LD@3x.png"
            }
        ],
        "patterns": [604201],
        "excludePattern": null,
        "validation": "standard",
        "gaps": [4, 8, 12],
        "length": 16,
        "code": {
            "name": "Security Code",
            "size": [3]
        }
    },
    {
        "type": "VD",
        "niceType": "Visa Débito",
        "images": [
            {
                "density": "1x",
                "size": "small",
                "background": false,
                "url": "https://static.dlocal.com/images/mobile/input-icons/small/VD.png"
            },
            {
                "density": "2x",
                "size": "small",
                "background": false,
                "url": "https://static.dlocal.com/images/mobile/input-icons/small/VD@2x.png"
            },
            {
                "density": "3x",
                "size": "small",
                "background": false,
                "url": "https://static.dlocal.com/images/mobile/input-icons/small/VD@3x.png"
            },
            {
                "density": "1x",
                "size": "small",
                "background": true,
                "url": "https://static.dlocal.com/images/mobile/input-icons/background/small/VD.png"
            },
            {
                "density": "2x",
                "size": "small",
                "background": true,
                "url": "https://static.dlocal.com/images/mobile/input-icons/background/small/VD@2x.png"
            },
            {
                "density": "3x",
                "size": "small",
                "background": true,
                "url": "https://static.dlocal.com/images/mobile/input-icons/background/small/VD@3x.png"
            }
        ],
        "patterns": [453770, 434543, 416679, 448712, 434541, 411199, 423465, 434540, 434542, 434538, 423018, 488241, 489634, 434537, 434539, 434536, 427156, 427157, 434535, 434534, 434533, 423077, 434532, 434586, 423001, 434531, 411197, 443264, 400276, 405069, 405755, 400615, 405896, 402789, 405897, 402914, 406290, 404625, 406291, 405515, 406998, 405516, 406999, 405517, 410082, 406375, 410083, 406652, 439818, 408515, 444060, 410121, 450412, 410122, 451377, 410123, 463465, 410853, 473711, 411849, 473725, 417309, 477051, 421738, 483020, 423623, 428062, 428063, 428064, 434795, 437996, 442371, 442548, 444493, 446343, 446347, 451701, 451751, 451756, 451757, 451758, 451761, 451763, 451764, 451765, 451766, 451767, 451768, 451769, 451770, 451772, 451773, 457596, 457665, 462815, 468508, 473227, 473710, 473712, 473713, 473714, 473715, 473716, 473717, 473718, 473719, 473720, 473721, 473722, 476520, 477053, 481397, 481501, 481502, 481550, 483002, 483188, 492528, 450799, 489412, 499859, 446344, 446345, 446346, 400448],
        "excludePattern": "^(491580)",
        "validation": "standard",
        "gaps": [4, 8, 12],
        "length": 16,
        "code": {
            "name": "Security Code",
            "size": [3]
        }
    },
    {
        "type": "NJ",
        "niceType": "Naranja",
        "images": [
            {
                "density": "1x",
                "size": "small",
                "background": false,
                "url": "https://static.dlocal.com/images/mobile/input-icons/small/NJ.png"
            },
            {
                "density": "2x",
                "size": "small",
                "background": false,
                "url": "https://static.dlocal.com/images/mobile/input-icons/small/NJ@2x.png"
            },
            {
                "density": "3x",
                "size": "small",
                "background": false,
                "url": "https://static.dlocal.com/images/mobile/input-icons/small/NJ@3x.png"
            },
            {
                "density": "1x",
                "size": "small",
                "background": true,
                "url": "https://static.dlocal.com/images/mobile/input-icons/background/small/NJ.png"
            },
            {
                "density": "2x",
                "size": "small",
                "background": true,
                "url": "https://static.dlocal.com/images/mobile/input-icons/background/small/NJ@2x.png"
            },
            {
                "density": "3x",
                "size": "small",
                "background": true,
                "url": "https://static.dlocal.com/images/mobile/input-icons/background/small/NJ@3x.png"
            }
        ],
        "patterns": [589562],
        "excludePattern": null,
        "validation": "naranja",
        "gaps": [4, 8, 12],
        "length": 16,
        "code": {
            "name": "Security Code",
            "size": [3]
        }
    },
    {
        "type": "CO",
        "niceType": "Cordobesa",
        "images": [
            {
                "density": "1x",
                "size": "small",
                "background": false,
                "url": "https://static.dlocal.com/images/mobile/input-icons/small/CO.png"
            },
            {
                "density": "2x",
                "size": "small",
                "background": false,
                "url": "https://static.dlocal.com/images/mobile/input-icons/small/CO@2x.png"
            },
            {
                "density": "3x",
                "size": "small",
                "background": false,
                "url": "https://static.dlocal.com/images/mobile/input-icons/small/CO@3x.png"
            },
            {
                "density": "1x",
                "size": "small",
                "background": true,
                "url": "https://static.dlocal.com/images/mobile/input-icons/background/small/CO.png"
            },
            {
                "density": "2x",
                "size": "small",
                "background": true,
                "url": "https://static.dlocal.com/images/mobile/input-icons/background/small/CO@2x.png"
            },
            {
                "density": "3x",
                "size": "small",
                "background": true,
                "url": "https://static.dlocal.com/images/mobile/input-icons/background/small/CO@3x.png"
            }
        ],
        "patterns": [542702, 544764, 550073, 528824],
        "excludePattern": null,
        "validation": "standard",
        "gaps": [4, 8, 12],
        "length": 16,
        "code": {
            "name": "Security Code",
            "size": [3]
        }
    },
    {
        "type": "CM",
        "niceType": "CMR",
        "images": [
            {
                "density": "1x",
                "size": "small",
                "background": false,
                "url": "https://static.dlocal.com/images/mobile/input-icons/small/CM.png"
            },
            {
                "density": "2x",
                "size": "small",
                "background": false,
                "url": "https://static.dlocal.com/images/mobile/input-icons/small/CM@2x.png"
            },
            {
                "density": "3x",
                "size": "small",
                "background": false,
                "url": "https://static.dlocal.com/images/mobile/input-icons/small/CM@3x.png"
            },
            {
                "density": "1x",
                "size": "small",
                "background": true,
                "url": "https://static.dlocal.com/images/mobile/input-icons/background/small/CM.png"
            },
            {
                "density": "2x",
                "size": "small",
                "background": true,
                "url": "https://static.dlocal.com/images/mobile/input-icons/background/small/CM@2x.png"
            },
            {
                "density": "3x",
                "size": "small",
                "background": true,
                "url": "https://static.dlocal.com/images/mobile/input-icons/background/small/CM@3x.png"
            }
        ],
        "patterns": [557039],
        "excludePattern": null,
        "validation": "standard",
        "gaps": [4, 8, 12],
        "length": 16,
        "code": {
            "name": "Security Code",
            "size": [3]
        }
    },
    {
        "type": "CS",
        "images": [
            {
                "density": "1x",
                "size": "small",
                "background": false,
                "url": "https://static.dlocal.com/images/mobile/input-icons/small/CS.png"
            },
            {
                "density": "2x",
                "size": "small",
                "background": false,
                "url": "https://static.dlocal.com/images/mobile/input-icons/small/CS@2x.png"
            },
            {
                "density": "3x",
                "size": "small",
                "background": false,
                "url": "https://static.dlocal.com/images/mobile/input-icons/small/CS@3x.png"
            },
            {
                "density": "1x",
                "size": "small",
                "background": true,
                "url": "https://static.dlocal.com/images/mobile/input-icons/background/small/CS.png"
            },
            {
                "density": "2x",
                "size": "small",
                "background": true,
                "url": "https://static.dlocal.com/images/mobile/input-icons/background/small/CS@2x.png"
            },
            {
                "density": "3x",
                "size": "small",
                "background": true,
                "url": "https://static.dlocal.com/images/mobile/input-icons/background/small/CS@3x.png"
            }
        ],
        "niceType": "Gift Card Cencosud",
        "patterns": [501100],
        "excludePattern": null,
        "validation": "standard",
        "gaps": [4, 8, 12],
        "length": 16,
        "code": {
            "name": "Security Code",
            "size": [3]
        }
    }
]
