[{
    "type": "VI",
    "niceType": "Visa",
    "images": [
        {
            "density": "1x",
            "size": "small",
            "background": false,
            "url": "https://static.dlocal.com/images/mobile/input-icons/small/VI.png"
        },
        {
            "density": "2x",
            "size": "small",
            "background": false,
            "url": "https://static.dlocal.com/images/mobile/input-icons/small/VI@2x.png"
        },
        {
            "density": "3x",
            "size": "small",
            "background": false,
            "url": "https://static.dlocal.com/images/mobile/input-icons/small/VI@3x.png"
        },
        {
            "density": "1x",
            "size": "small",
            "background": true,
            "url": "https://static.dlocal.com/images/mobile/input-icons/background/small/VI.png"
        },
        {
            "density": "2x",
            "size": "small",
            "background": true,
            "url": "https://static.dlocal.com/images/mobile/input-icons/background/small/VI@2x.png"
        },
        {
            "density": "3x",
            "size": "small",
            "background": true,
            "url": "https://static.dlocal.com/images/mobile/input-icons/background/small/VI@3x.png"
        }
    ],
    "patterns": [4],
    "excludePattern": null,
    "validation": "standard",
    "gaps": [4, 8, 12],
    "length": 16,
    "code": {
        "name": "Security Code",
        "size": [3]
    }
}]
